std,blur_3_3,blur_5_5,blur_7_7,blur_9_9,blur_11_11,blur_15_15,brighter,motion_blur,blacker,noise,occlusion_circle,occlusion_rectangle,resize,jpeg_compressed
0.987,0.4894162893028958,0.43214815879339097,0.3759508975072055,0.37127575267869384,0.3548743385269701,0.34297911255411256,0.5012748297626006,0.3733024703023155,0.2834431438444597,0.0,0.6422276959083228,0.599658687871595,0.0,0.38890690925861204
